parcel_id,Zone,plot_area,existing_gfa,allowed_gfa,gap,warning,pog_version,lat,lon,geometry
dzialki.mock_1,SJ,24241.59,3385.38,35524.32,32138.94,,POG draft 2025-10-24,52.16456131233896,20.864462703976255,"{""type"": ""Polygon"", ""coordinates"": [[[20.863462703976253, 52.16356131233896], [20.865462703976256, 52.16356131233896], [20.865462703976256, 52.16556131233896], [20.863462703976253, 52.16556131233896], [20.863462703976253, 52.16356131233896]]]}"
dzialki.mock_2,SU,25790.55,40663.29,57694.52,17031.23,,POG draft 2025-10-24,52.26163513552165,20.95386845131849,"{""type"": ""Polygon"", ""coordinates"": [[[20.952868451318487, 52.26063513552165], [20.95486845131849, 52.26063513552165], [20.95486845131849, 52.26263513552165], [20.952868451318487, 52.26263513552165], [20.952868451318487, 52.26063513552165]]]}"
dzialki.mock_3,SJ,33775.77,27016.58,51705.33,24688.75,,POG draft 2025-10-24,52.258851220055305,21.059063596087476,"{""type"": ""Polygon"", ""coordinates"": [[[21.058063596087475, 52.25785122005531], [21.060063596087478, 52.25785122005531], [21.060063596087478, 52.2598512200553], [21.058063596087475, 52.2598512200553], [21.058063596087475, 52.25785122005531]]]}"
dzialki.mock_4,SW,49309.49,44000.99,82209.13,38208.14,,POG draft 2025-10-24,52.12772748402729,21.02239760848892,"{""type"": ""Polygon"", ""coordinates"": [[[21.02139760848892, 52.12672748402729], [21.02339760848892, 52.12672748402729], [21.02339760848892, 52.12872748402729], [21.02139760848892, 52.12872748402729], [21.02139760848892, 52.12672748402729]]]}"
dzialki.mock_5,SN,6617.16,10633.41,14840.99,4207.58,,POG draft 2025-10-24,52.297882919130856,21.129782246409217,"{""type"": ""Polygon"", ""coordinates"": [[[21.128782246409216, 52.29688291913086], [21.13078224640922, 52.29688291913086], [21.13078224640922, 52.298882919130854], [21.128782246409216, 52.298882919130854], [21.128782246409216, 52.29688291913086]]]}"
dzialki.mock_6,SU,24156.06,13146.37,71149.61,58003.24,,POG draft 2025-10-24,52.2545658473089,20.90220492441672,"{""type"": ""Polygon"", ""coordinates"": [[[20.901204924416717, 52.253565847308906], [20.90320492441672, 52.253565847308906], [20.90320492441672, 52.2555658473089], [20.901204924416717, 52.2555658473089], [20.901204924416717, 52.253565847308906]]]}"
dzialki.mock_7,SN,22570.27,15458.93,55020.34,39561.41,,POG draft 2025-10-24,52.14473771319272,21.146979399406465,"{""type"": ""Polygon"", ""coordinates"": [[[21.145979399406464, 52.14373771319272], [21.147979399406466, 52.14373771319272], [21.147979399406466, 52.145737713192716], [21.145979399406464, 52.145737713192716], [21.145979399406464, 52.14373771319272]]]}"
dzialki.mock_8,SW,41275.35,29348.62,57507.06,28158.44,,POG draft 2025-10-24,52.204315591452286,20.907132654196065,"{""type"": ""Polygon"", ""coordinates"": [[[20.906132654196064, 52.20331559145229], [20.908132654196066, 52.20331559145229], [20.908132654196066, 52.20531559145228], [20.906132654196064, 52.20531559145228], [20.906132654196064, 52.20331559145229]]]}"
dzialki.mock_9,SJ,19411.89,2766.64,35101.97,32335.33,,POG draft 2025-10-24,52.305567371918116,20.87149606373854,"{""type"": ""Polygon"", ""coordinates"": [[[20.87049606373854, 52.30456737191812], [20.87249606373854, 52.30456737191812], [20.87249606373854, 52.30656737191811], [20.87049606373854, 52.30656737191811], [20.87049606373854, 52.30456737191812]]]}"
dzialki.mock_10,SN,46144.76,442.93,119313.02,118870.09,,POG draft 2025-10-24,52.205945082190055,20.984080989951494,"{""type"": ""Polygon"", ""coordinates"": [[[20.983080989951493, 52.20494508219006], [20.985080989951495, 52.20494508219006], [20.985080989951495, 52.20694508219005], [20.983080989951493, 52.20694508219005], [20.983080989951493, 52.20494508219006]]]}"
dzialki.mock_11,SU,35118.09,31743.07,79440.54,47697.47,,POG draft 2025-10-24,52.288760461079455,21.012237456294248,"{""type"": ""Polygon"", ""coordinates"": [[[21.011237456294246, 52.28776046107946], [21.01323745629425, 52.28776046107946], [21.01323745629425, 52.28976046107945], [21.011237456294246, 52.28976046107945], [21.011237456294246, 52.28776046107946]]]}"
dzialki.mock_12,SN,1631.48,1769.91,4275.98,2506.07,,POG draft 2025-10-24,52.25960557942612,21.148448207585577,"{""type"": ""Polygon"", ""coordinates"": [[[21.147448207585576, 52.258605579426124], [21.14944820758558, 52.258605579426124], [21.14944820758558, 52.26060557942612], [21.147448207585576, 52.26060557942612], [21.147448207585576, 52.258605579426124]]]}"
dzialki.mock_13,SN,15816.07,18260.85,27578.13,9317.28,,POG draft 2025-10-24,52.288961891725805,21.130616026423642,"{""type"": ""Polygon"", ""coordinates"": [[[21.12961602642364, 52.28796189172581], [21.131616026423643, 52.28796189172581], [21.131616026423643, 52.2899618917258], [21.12961602642364, 52.2899618917258], [21.12961602642364, 52.28796189172581]]]}"
dzialki.mock_14,SJ,14827.62,8079.76,43621.47,35541.71,,POG draft 2025-10-24,52.31950333077067,21.112616950300776,"{""type"": ""Polygon"", ""coordinates"": [[[21.111616950300775, 52.318503330770675], [21.113616950300777, 52.318503330770675], [21.113616950300777, 52.32050333077067], [21.111616950300775, 52.32050333077067], [21.111616950300775, 52.318503330770675]]]}"
dzialki.mock_15,SJ,44525.4,24917.25,125767.77,100850.52,,POG draft 2025-10-24,52.14979926296968,21.113870746731617,"{""type"": ""Polygon"", ""coordinates"": [[[21.112870746731616, 52.14879926296968], [21.11487074673162, 52.14879926296968], [21.11487074673162, 52.15079926296968], [21.112870746731616, 52.15079926296968], [21.112870746731616, 52.14879926296968]]]}"
dzialki.mock_16,SU,5385.25,2797.7,15109.12,12311.42,,POG draft 2025-10-24,52.20363470071843,21.130181393182404,"{""type"": ""Polygon"", ""coordinates"": [[[21.129181393182403, 52.202634700718434], [21.131181393182406, 52.202634700718434], [21.131181393182406, 52.20463470071843], [21.129181393182403, 52.20463470071843], [21.129181393182403, 52.202634700718434]]]}"
dzialki.mock_17,SN,27386.39,24381.6,38421.56,14039.96,,POG draft 2025-10-24,52.15552609741553,21.09878834656948,"{""type"": ""Polygon"", ""coordinates"": [[[21.09778834656948, 52.154526097415534], [21.099788346569483, 52.154526097415534], [21.099788346569483, 52.15652609741553], [21.09778834656948, 52.15652609741553], [21.09778834656948, 52.154526097415534]]]}"
dzialki.mock_18,SU,49222.95,58997.38,144591.86,85594.48,,POG draft 2025-10-24,52.1929338995589,20.941368104452312,"{""type"": ""Polygon"", ""coordinates"": [[[20.94036810445231, 52.191933899558904], [20.942368104452314, 52.191933899558904], [20.942368104452314, 52.1939338995589], [20.94036810445231, 52.1939338995589], [20.94036810445231, 52.191933899558904]]]}"
dzialki.mock_19,SN,23327.16,19105.67,29458.31,10352.64,,POG draft 2025-10-24,52.23427499732429,20.9044851422605,"{""type"": ""Polygon"", ""coordinates"": [[[20.9034851422605, 52.233274997324294], [20.905485142260503, 52.233274997324294], [20.905485142260503, 52.23527499732429], [20.9034851422605, 52.23527499732429], [20.9034851422605, 52.233274997324294]]]}"
dzialki.mock_20,SU,12441.39,11084.5,15689.09,4604.59,,POG draft 2025-10-24,52.28576160268409,21.098721562671457,"{""type"": ""Polygon"", ""coordinates"": [[[21.097721562671456, 52.28476160268409], [21.09972156267146, 52.28476160268409], [21.09972156267146, 52.28676160268409], [21.097721562671456, 52.28676160268409], [21.097721562671456, 52.28476160268409]]]}"
dzialki.mock_21,SU,29641.4,33340.92,47910.62,14569.7,,POG draft 2025-10-24,52.27717575603971,21.086778911174623,"{""type"": ""Polygon"", ""coordinates"": [[[21.08577891117462, 52.27617575603971], [21.087778911174624, 52.27617575603971], [21.087778911174624, 52.27817575603971], [21.08577891117462, 52.27817575603971], [21.08577891117462, 52.27617575603971]]]}"
dzialki.mock_22,SJ,7548.03,4159.47,15943.42,11783.95,,POG draft 2025-10-24,52.16578014346103,21.028840450062763,"{""type"": ""Polygon"", ""coordinates"": [[[21.02784045006276, 52.16478014346103], [21.029840450062764, 52.16478014346103], [21.029840450062764, 52.166780143461025], [21.02784045006276, 52.166780143461025], [21.02784045006276, 52.16478014346103]]]}"
dzialki.mock_23,SN,24971.26,5125.25,37784.35,32659.1,,POG draft 2025-10-24,52.21461277701684,21.083068410552002,"{""type"": ""Polygon"", ""coordinates"": [[[21.082068410552, 52.21361277701684], [21.084068410552003, 52.21361277701684], [21.084068410552003, 52.21561277701684], [21.082068410552, 52.21561277701684], [21.082068410552, 52.21361277701684]]]}"
dzialki.mock_24,SU,27925.0,14208.64,83667.97,69459.33,,POG draft 2025-10-24,52.182645465861775,21.08012823419569,"{""type"": ""Polygon"", ""coordinates"": [[[21.07912823419569, 52.18164546586178], [21.081128234195692, 52.18164546586178], [21.081128234195692, 52.18364546586177], [21.07912823419569, 52.18364546586177], [21.07912823419569, 52.18164546586178]]]}"
dzialki.mock_25,SW,12915.48,15527.06,31249.24,15722.18,,POG draft 2025-10-24,52.15618487235211,21.002793696139634,"{""type"": ""Polygon"", ""coordinates"": [[[21.001793696139632, 52.15518487235211], [21.003793696139635, 52.15518487235211], [21.003793696139635, 52.157184872352104], [21.001793696139632, 52.157184872352104], [21.001793696139632, 52.15518487235211]]]}"
dzialki.mock_26,SW,46351.28,4985.66,123843.63,118857.97,,POG draft 2025-10-24,52.23512421519899,20.903886359679888,"{""type"": ""Polygon"", ""coordinates"": [[[20.902886359679886, 52.23412421519899], [20.90488635967989, 52.23412421519899], [20.90488635967989, 52.236124215198984], [20.902886359679886, 52.236124215198984], [20.902886359679886, 52.23412421519899]]]}"
dzialki.mock_27,SJ,20571.95,8668.0,60014.22,51346.22,,POG draft 2025-10-24,52.24415857834904,21.074148826374337,"{""type"": ""Polygon"", ""coordinates"": [[[21.073148826374336, 52.24315857834904], [21.07514882637434, 52.24315857834904], [21.07514882637434, 52.245158578349034], [21.073148826374336, 52.245158578349034], [21.073148826374336, 52.24315857834904]]]}"
dzialki.mock_28,SU,36743.54,6361.49,90683.16,84321.67,,POG draft 2025-10-24,52.17222068072431,20.89413948905925,"{""type"": ""Polygon"", ""coordinates"": [[[20.893139489059248, 52.17122068072431], [20.89513948905925, 52.17122068072431], [20.89513948905925, 52.173220680724306], [20.893139489059248, 52.173220680724306], [20.893139489059248, 52.17122068072431]]]}"
dzialki.mock_29,SW,38361.4,40008.89,84132.41,44123.52,,POG draft 2025-10-24,52.17297091874048,20.943204341704867,"{""type"": ""Polygon"", ""coordinates"": [[[20.942204341704866, 52.171970918740485], [20.944204341704868, 52.171970918740485], [20.944204341704868, 52.17397091874048], [20.942204341704866, 52.17397091874048], [20.942204341704866, 52.171970918740485]]]}"
dzialki.mock_30,SJ,42970.04,11564.32,49980.71,38416.39,,POG draft 2025-10-24,52.13050236164172,20.87596801298223,"{""type"": ""Polygon"", ""coordinates"": [[[20.87496801298223, 52.12950236164172], [20.876968012982232, 52.12950236164172], [20.876968012982232, 52.131502361641715], [20.87496801298223, 52.131502361641715], [20.87496801298223, 52.12950236164172]]]}"
dzialki.mock_31,SU,3915.4,2409.53,5642.69,3233.16,,POG draft 2025-10-24,52.14789754249464,20.965646617512647,"{""type"": ""Polygon"", ""coordinates"": [[[20.964646617512646, 52.14689754249464], [20.966646617512648, 52.14689754249464], [20.966646617512648, 52.14889754249464], [20.964646617512646, 52.14889754249464], [20.964646617512646, 52.14689754249464]]]}"
dzialki.mock_32,SU,30282.47,41507.62,74679.33,33171.71,,POG draft 2025-10-24,52.19004994505531,20.946348362937037,"{""type"": ""Polygon"", ""coordinates"": [[[20.945348362937036, 52.18904994505531], [20.94734836293704, 52.18904994505531], [20.94734836293704, 52.191049945055305], [20.945348362937036, 52.191049945055305], [20.945348362937036, 52.18904994505531]]]}"
dzialki.mock_33,SW,5715.45,1766.13,5807.35,4041.22,,POG draft 2025-10-24,52.14452268560494,20.8977212495004,"{""type"": ""Polygon"", ""coordinates"": [[[20.8967212495004, 52.14352268560494], [20.8987212495004, 52.14352268560494], [20.8987212495004, 52.14552268560494], [20.8967212495004, 52.14552268560494], [20.8967212495004, 52.14352268560494]]]}"
dzialki.mock_34,SN,28968.68,9834.57,62752.58,52918.01,,POG draft 2025-10-24,52.18656094268076,20.985384066598183,"{""type"": ""Polygon"", ""coordinates"": [[[20.98438406659818, 52.18556094268076], [20.986384066598184, 52.18556094268076], [20.986384066598184, 52.187560942680754], [20.98438406659818, 52.187560942680754], [20.98438406659818, 52.18556094268076]]]}"
dzialki.mock_35,SJ,11442.54,8924.77,21659.42,12734.65,,POG draft 2025-10-24,52.20860421816048,21.125708557891496,"{""type"": ""Polygon"", ""coordinates"": [[[21.124708557891495, 52.20760421816048], [21.126708557891497, 52.20760421816048], [21.126708557891497, 52.20960421816048], [21.124708557891495, 52.20960421816048], [21.124708557891495, 52.20760421816048]]]}"
dzialki.mock_36,SN,8274.0,1768.12,14797.04,13028.92,,POG draft 2025-10-24,52.2898199041193,20.883377749960164,"{""type"": ""Polygon"", ""coordinates"": [[[20.882377749960163, 52.2888199041193], [20.884377749960166, 52.2888199041193], [20.884377749960166, 52.290819904119296], [20.882377749960163, 52.290819904119296], [20.882377749960163, 52.2888199041193]]]}"
dzialki.mock_37,SN,22788.94,25276.71,39480.02,14203.31,,POG draft 2025-10-24,52.266135469788196,21.089750162911557,"{""type"": ""Polygon"", ""coordinates"": [[[21.088750162911555, 52.2651354697882], [21.090750162911558, 52.2651354697882], [21.090750162911558, 52.267135469788194], [21.088750162911555, 52.267135469788194], [21.088750162911555, 52.2651354697882]]]}"
dzialki.mock_38,SN,12516.3,3276.43,28368.08,25091.65,,POG draft 2025-10-24,52.2011634744256,20.921613629373795,"{""type"": ""Polygon"", ""coordinates"": [[[20.920613629373793, 52.2001634744256], [20.922613629373796, 52.2001634744256], [20.922613629373796, 52.202163474425596], [20.920613629373793, 52.202163474425596], [20.920613629373793, 52.2001634744256]]]}"
dzialki.mock_39,SW,47748.28,25217.21,103739.57,78522.36,,POG draft 2025-10-24,52.231246063934854,21.123190985648634,"{""type"": ""Polygon"", ""coordinates"": [[[21.122190985648633, 52.23024606393486], [21.124190985648635, 52.23024606393486], [21.124190985648635, 52.23224606393485], [21.122190985648633, 52.23224606393485], [21.122190985648633, 52.23024606393486]]]}"
dzialki.mock_40,SU,5326.37,1278.08,5878.11,4600.03,,POG draft 2025-10-24,52.30896655251662,21.104291969888056,"{""type"": ""Polygon"", ""coordinates"": [[[21.103291969888055, 52.307966552516625], [21.105291969888057, 52.307966552516625], [21.105291969888057, 52.30996655251662], [21.103291969888055, 52.30996655251662], [21.103291969888055, 52.307966552516625]]]}"
dzialki.mock_41,SJ,24673.89,20467.37,49147.19,28679.82,,POG draft 2025-10-24,52.12502773768564,20.896871058166337,"{""type"": ""Polygon"", ""coordinates"": [[[20.895871058166335, 52.124027737685644], [20.897871058166338, 52.124027737685644], [20.897871058166338, 52.12602773768564], [20.895871058166335, 52.12602773768564], [20.895871058166335, 52.124027737685644]]]}"
dzialki.mock_42,SU,40821.17,44697.94,67121.27,22423.33,,POG draft 2025-10-24,52.15789561557762,20.929834962934773,"{""type"": ""Polygon"", ""coordinates"": [[[20.928834962934772, 52.156895615577625], [20.930834962934775, 52.156895615577625], [20.930834962934775, 52.15889561557762], [20.928834962934772, 52.15889561557762], [20.928834962934772, 52.156895615577625]]]}"
dzialki.mock_43,SU,10191.94,12272.06,29049.37,16777.31,,POG draft 2025-10-24,52.21790727491823,21.03895302029287,"{""type"": ""Polygon"", ""coordinates"": [[[21.037953020292868, 52.216907274918235], [21.03995302029287, 52.216907274918235], [21.03995302029287, 52.21890727491823], [21.037953020292868, 52.21890727491823], [21.037953020292868, 52.216907274918235]]]}"
dzialki.mock_44,SU,49176.62,19374.38,144335.05,124960.67,,POG draft 2025-10-24,52.25183648101363,21.068521302391407,"{""type"": ""Polygon"", ""coordinates"": [[[21.067521302391405, 52.250836481013636], [21.069521302391408, 52.250836481013636], [21.069521302391408, 52.25283648101363], [21.067521302391405, 52.25283648101363], [21.067521302391405, 52.250836481013636]]]}"
dzialki.mock_45,SN,2886.45,1096.34,3049.89,1953.55,,POG draft 2025-10-24,52.24062563983342,21.13381781515758,"{""type"": ""Polygon"", ""coordinates"": [[[21.13281781515758, 52.23962563983342], [21.134817815157582, 52.23962563983342], [21.134817815157582, 52.241625639833416], [21.13281781515758, 52.241625639833416], [21.13281781515758, 52.23962563983342]]]}"
dzialki.mock_46,SW,20883.02,7250.37,49292.06,42041.69,,POG draft 2025-10-24,52.26607128950872,20.857320578273722,"{""type"": ""Polygon"", ""coordinates"": [[[20.85632057827372, 52.265071289508725], [20.858320578273723, 52.265071289508725], [20.858320578273723, 52.26707128950872], [20.85632057827372, 52.26707128950872], [20.85632057827372, 52.265071289508725]]]}"
dzialki.mock_47,SN,41428.99,52340.86,77830.43,25489.57,,POG draft 2025-10-24,52.125828080686134,21.080535104358876,"{""type"": ""Polygon"", ""coordinates"": [[[21.079535104358875, 52.124828080686136], [21.081535104358878, 52.124828080686136], [21.081535104358878, 52.12682808068613], [21.079535104358875, 52.12682808068613], [21.079535104358875, 52.124828080686136]]]}"
dzialki.mock_48,SU,14179.4,7949.63,39547.15,31597.52,,POG draft 2025-10-24,52.175723792630144,20.938274955116647,"{""type"": ""Polygon"", ""coordinates"": [[[20.937274955116646, 52.17472379263015], [20.939274955116648, 52.17472379263015], [20.939274955116648, 52.17672379263014], [20.937274955116646, 52.17672379263014], [20.937274955116646, 52.17472379263015]]]}"
dzialki.mock_49,SN,40891.05,14391.62,70945.19,56553.57,,POG draft 2025-10-24,52.209645975376795,20.88122084788762,"{""type"": ""Polygon"", ""coordinates"": [[[20.880220847887617, 52.2086459753768], [20.88222084788762, 52.2086459753768], [20.88222084788762, 52.21064597537679], [20.880220847887617, 52.21064597537679], [20.880220847887617, 52.2086459753768]]]}"
dzialki.mock_50,SN,40715.72,38959.84,58006.63,19046.79,,POG draft 2025-10-24,52.211231835594724,21.014409793078027,"{""type"": ""Polygon"", ""coordinates"": [[[21.013409793078026, 52.210231835594726], [21.015409793078028, 52.210231835594726], [21.015409793078028, 52.21223183559472], [21.013409793078026, 52.21223183559472], [21.013409793078026, 52.210231835594726]]]}"
dzialki.mock_51,SN,9020.14,7535.23,11445.93,3910.7,,POG draft 2025-10-24,52.154143046973,21.011365518282208,"{""type"": ""Polygon"", ""coordinates"": [[[21.010365518282207, 52.153143046973], [21.01236551828221, 52.153143046973], [21.01236551828221, 52.155143046972995], [21.010365518282207, 52.155143046972995], [21.010365518282207, 52.153143046973]]]}"
dzialki.mock_52,SN,16676.75,23469.78,41773.31,18303.53,,POG draft 2025-10-24,52.16662959135671,21.096367844038188,"{""type"": ""Polygon"", ""coordinates"": [[[21.095367844038186, 52.16562959135671], [21.09736784403819, 52.16562959135671], [21.09736784403819, 52.16762959135671], [21.095367844038186, 52.16762959135671], [21.095367844038186, 52.16562959135671]]]}"
dzialki.mock_53,SJ,27214.72,3947.62,50139.36,46191.74,,POG draft 2025-10-24,52.2899942075749,20.869576436278685,"{""type"": ""Polygon"", ""coordinates"": [[[20.868576436278683, 52.2889942075749], [20.870576436278686, 52.2889942075749], [20.870576436278686, 52.2909942075749], [20.868576436278683, 52.2909942075749], [20.868576436278683, 52.2889942075749]]]}"
dzialki.mock_54,SU,4922.13,2059.74,5008.54,2948.8,,POG draft 2025-10-24,52.14718687093802,20.910221740420337,"{""type"": ""Polygon"", ""coordinates"": [[[20.909221740420335, 52.146186870938024], [20.911221740420338, 52.146186870938024], [20.911221740420338, 52.14818687093802], [20.909221740420335, 52.14818687093802], [20.909221740420335, 52.146186870938024]]]}"
dzialki.mock_55,SW,43044.27,55440.53,78103.11,22662.58,,POG draft 2025-10-24,52.14409045339255,21.02114846284918,"{""type"": ""Polygon"", ""coordinates"": [[[21.02014846284918, 52.14309045339255], [21.02214846284918, 52.14309045339255], [21.02214846284918, 52.14509045339255], [21.02014846284918, 52.14509045339255], [21.02014846284918, 52.14309045339255]]]}"
dzialki.mock_56,SN,19663.38,30186.8,42068.0,11881.2,,POG draft 2025-10-24,52.18276241443094,21.108865754059916,"{""type"": ""Polygon"", ""coordinates"": [[[21.107865754059915, 52.18176241443094], [21.109865754059918, 52.18176241443094], [21.109865754059918, 52.18376241443094], [21.107865754059915, 52.18376241443094], [21.107865754059915, 52.18176241443094]]]}"
dzialki.mock_57,SN,10876.09,1821.97,22987.75,21165.78,,POG draft 2025-10-24,52.241895504646074,21.036626278980744,"{""type"": ""Polygon"", ""coordinates"": [[[21.035626278980743, 52.240895504646076], [21.037626278980746, 52.240895504646076], [21.037626278980746, 52.24289550464607], [21.035626278980743, 52.24289550464607], [21.035626278980743, 52.240895504646076]]]}"
dzialki.mock_58,SW,48395.76,51022.64,140494.49,89471.85,,POG draft 2025-10-24,52.14830384595413,20.867202818628588,"{""type"": ""Polygon"", ""coordinates"": [[[20.866202818628587, 52.147303845954134], [20.86820281862859, 52.147303845954134], [20.86820281862859, 52.14930384595413], [20.866202818628587, 52.14930384595413], [20.866202818628587, 52.147303845954134]]]}"
dzialki.mock_59,SW,33984.67,4582.94,71257.2,66674.26,,POG draft 2025-10-24,52.194191975070375,20.92619966879653,"{""type"": ""Polygon"", ""coordinates"": [[[20.92519966879653, 52.19319197507038], [20.927199668796533, 52.19319197507038], [20.927199668796533, 52.19519197507037], [20.92519966879653, 52.19519197507037], [20.92519966879653, 52.19319197507038]]]}"
dzialki.mock_60,SN,4598.07,2771.03,9718.75,6947.72,,POG draft 2025-10-24,52.26623132670286,20.876795526747806,"{""type"": ""Polygon"", ""coordinates"": [[[20.875795526747805, 52.26523132670286], [20.877795526747807, 52.26523132670286], [20.877795526747807, 52.267231326702856], [20.875795526747805, 52.267231326702856], [20.875795526747805, 52.26523132670286]]]}"
dzialki.mock_61,SN,39707.29,13794.24,115255.95,101461.71,,POG draft 2025-10-24,52.313679292994465,21.01699404238933,"{""type"": ""Polygon"", ""coordinates"": [[[21.01599404238933, 52.31267929299447], [21.017994042389333, 52.31267929299447], [21.017994042389333, 52.31467929299446], [21.01599404238933, 52.31467929299446], [21.01599404238933, 52.31267929299447]]]}"
dzialki.mock_62,SU,24062.14,19053.9,59991.2,40937.3,,POG draft 2025-10-24,52.220315088159055,21.08989983182794,"{""type"": ""Polygon"", ""coordinates"": [[[21.088899831827938, 52.21931508815906], [21.09089983182794, 52.21931508815906], [21.09089983182794, 52.22131508815905], [21.088899831827938, 52.22131508815905], [21.088899831827938, 52.21931508815906]]]}"
dzialki.mock_63,SJ,14879.05,6925.32,34747.19,27821.87,,POG draft 2025-10-24,52.29612450409234,21.07979323860454,"{""type"": ""Polygon"", ""coordinates"": [[[21.07879323860454, 52.29512450409234], [21.080793238604542, 52.29512450409234], [21.080793238604542, 52.29712450409234], [21.07879323860454, 52.29712450409234], [21.07879323860454, 52.29512450409234]]]}"
dzialki.mock_64,SJ,7493.6,16569.36,22461.55,5892.19,,POG draft 2025-10-24,52.13567456835616,20.950290026720396,"{""type"": ""Polygon"", ""coordinates"": [[[20.949290026720394, 52.13467456835616], [20.951290026720397, 52.13467456835616], [20.951290026720397, 52.136674568356156], [20.949290026720394, 52.136674568356156], [20.949290026720394, 52.13467456835616]]]}"
dzialki.mock_65,SU,38037.49,33457.38,61904.95,28447.57,,POG draft 2025-10-24,52.15756187883394,21.101282909125192,"{""type"": ""Polygon"", ""coordinates"": [[[21.10028290912519, 52.15656187883394], [21.102282909125194, 52.15656187883394], [21.102282909125194, 52.158561878833936], [21.10028290912519, 52.158561878833936], [21.10028290912519, 52.15656187883394]]]}"
dzialki.mock_66,SU,42757.02,80325.49,115147.43,34821.94,,POG draft 2025-10-24,52.28229522646823,21.03374870541106,"{""type"": ""Polygon"", ""coordinates"": [[[21.03274870541106, 52.28129522646823], [21.03474870541106, 52.28129522646823], [21.03474870541106, 52.283295226468226], [21.03274870541106, 52.283295226468226], [21.03274870541106, 52.28129522646823]]]}"
dzialki.mock_67,SW,34027.3,10779.14,47576.27,36797.13,,POG draft 2025-10-24,52.22620111357738,21.147440864433058,"{""type"": ""Polygon"", ""coordinates"": [[[21.146440864433057, 52.225201113577384], [21.14844086443306, 52.225201113577384], [21.14844086443306, 52.22720111357738], [21.146440864433057, 52.22720111357738], [21.146440864433057, 52.225201113577384]]]}"
dzialki.mock_68,SJ,23897.82,18505.98,32501.29,13995.31,,POG draft 2025-10-24,52.201991198392214,20.894484033581154,"{""type"": ""Polygon"", ""coordinates"": [[[20.893484033581153, 52.20099119839222], [20.895484033581155, 52.20099119839222], [20.895484033581155, 52.20299119839221], [20.893484033581153, 52.20299119839221], [20.893484033581153, 52.20099119839222]]]}"
dzialki.mock_69,SU,38937.85,41007.37,106322.47,65315.1,,POG draft 2025-10-24,52.259601508203076,20.965024840173285,"{""type"": ""Polygon"", ""coordinates"": [[[20.964024840173284, 52.25860150820308], [20.966024840173286, 52.25860150820308], [20.966024840173286, 52.260601508203074], [20.964024840173284, 52.260601508203074], [20.964024840173284, 52.25860150820308]]]}"
dzialki.mock_70,SW,5094.37,1532.07,7357.83,5825.76,,POG draft 2025-10-24,52.18021932351612,20.870133315053017,"{""type"": ""Polygon"", ""coordinates"": [[[20.869133315053016, 52.17921932351612], [20.87113331505302, 52.17921932351612], [20.87113331505302, 52.18121932351612], [20.869133315053016, 52.18121932351612], [20.869133315053016, 52.17921932351612]]]}"
dzialki.mock_71,SJ,44054.38,10653.91,75474.82,64820.91,,POG draft 2025-10-24,52.289773825153326,20.995745387094786,"{""type"": ""Polygon"", ""coordinates"": [[[20.994745387094785, 52.28877382515333], [20.996745387094787, 52.28877382515333], [20.996745387094787, 52.29077382515332], [20.994745387094785, 52.29077382515332], [20.994745387094785, 52.28877382515333]]]}"
dzialki.mock_72,SN,5092.14,4811.74,15213.89,10402.15,,POG draft 2025-10-24,52.307776636545725,20.95082574907076,"{""type"": ""Polygon"", ""coordinates"": [[[20.949825749070758, 52.30677663654573], [20.95182574907076, 52.30677663654573], [20.95182574907076, 52.30877663654572], [20.949825749070758, 52.30877663654572], [20.949825749070758, 52.30677663654573]]]}"
dzialki.mock_73,SW,4488.08,2875.66,5666.0,2790.34,,POG draft 2025-10-24,52.19252800270753,21.007538212785313,"{""type"": ""Polygon"", ""coordinates"": [[[21.006538212785312, 52.191528002707535], [21.008538212785314, 52.191528002707535], [21.008538212785314, 52.19352800270753], [21.006538212785312, 52.19352800270753], [21.006538212785312, 52.191528002707535]]]}"
dzialki.mock_74,SW,21666.57,10248.07,31483.86,21235.79,,POG draft 2025-10-24,52.192909868208105,21.05783917628161,"{""type"": ""Polygon"", ""coordinates"": [[[21.05683917628161, 52.19190986820811], [21.058839176281612, 52.19190986820811], [21.058839176281612, 52.1939098682081], [21.05683917628161, 52.1939098682081], [21.05683917628161, 52.19190986820811]]]}"
dzialki.mock_75,SU,12067.29,5938.35,18589.2,12650.85,,POG draft 2025-10-24,52.289990829829016,20.97695323017135,"{""type"": ""Polygon"", ""coordinates"": [[[20.97595323017135, 52.28899082982902], [20.97795323017135, 52.28899082982902], [20.97795323017135, 52.29099082982901], [20.97595323017135, 52.29099082982901], [20.97595323017135, 52.28899082982902]]]}"
dzialki.mock_76,SW,9857.59,19219.01,25351.6,6132.59,,POG draft 2025-10-24,52.160527683276634,20.944182530162433,"{""type"": ""Polygon"", ""coordinates"": [[[20.94318253016243, 52.159527683276636], [20.945182530162434, 52.159527683276636], [20.945182530162434, 52.16152768327663], [20.94318253016243, 52.16152768327663], [20.94318253016243, 52.159527683276636]]]}"
dzialki.mock_77,SN,41181.63,71434.67,102426.49,30991.82,,POG draft 2025-10-24,52.20333285768458,20.993245013514784,"{""type"": ""Polygon"", ""coordinates"": [[[20.992245013514783, 52.20233285768458], [20.994245013514785, 52.20233285768458], [20.994245013514785, 52.20433285768458], [20.992245013514783, 52.20433285768458], [20.992245013514783, 52.20233285768458]]]}"
dzialki.mock_78,SW,45322.7,27068.58,111485.69,84417.11,,POG draft 2025-10-24,52.230854586441936,20.956309341240182,"{""type"": ""Polygon"", ""coordinates"": [[[20.95530934124018, 52.22985458644194], [20.957309341240183, 52.22985458644194], [20.957309341240183, 52.23185458644193], [20.95530934124018, 52.23185458644193], [20.95530934124018, 52.22985458644194]]]}"
dzialki.mock_79,SW,48570.16,57680.27,91880.7,34200.43,,POG draft 2025-10-24,52.24947605561991,20.993567441792617,"{""type"": ""Polygon"", ""coordinates"": [[[20.992567441792616, 52.24847605561991], [20.99456744179262, 52.24847605561991], [20.99456744179262, 52.250476055619906], [20.992567441792616, 52.250476055619906], [20.992567441792616, 52.24847605561991]]]}"
dzialki.mock_80,SU,6241.19,1238.84,8645.53,7406.69,,POG draft 2025-10-24,52.309175638441765,21.024808392867246,"{""type"": ""Polygon"", ""coordinates"": [[[21.023808392867245, 52.30817563844177], [21.025808392867248, 52.30817563844177], [21.025808392867248, 52.31017563844176], [21.023808392867245, 52.31017563844176], [21.023808392867245, 52.30817563844177]]]}"
dzialki.mock_81,SU,35114.62,65588.02,86460.28,20872.26,,POG draft 2025-10-24,52.24677217448532,21.018003127709726,"{""type"": ""Polygon"", ""coordinates"": [[[21.017003127709724, 52.245772174485325], [21.019003127709727, 52.245772174485325], [21.019003127709727, 52.24777217448532], [21.017003127709724, 52.24777217448532], [21.017003127709724, 52.245772174485325]]]}"
dzialki.mock_82,SU,4695.57,7162.13,11894.79,4732.66,,POG draft 2025-10-24,52.31188556475486,21.00800650950195,"{""type"": ""Polygon"", ""coordinates"": [[[21.00700650950195, 52.31088556475486], [21.00900650950195, 52.31088556475486], [21.00900650950195, 52.31288556475486], [21.00700650950195, 52.31288556475486], [21.00700650950195, 52.31088556475486]]]}"
dzialki.mock_83,SW,44252.85,11456.96,97807.83,86350.87,,POG draft 2025-10-24,52.2959227416839,21.10986361461967,"{""type"": ""Polygon"", ""coordinates"": [[[21.10886361461967, 52.294922741683905], [21.11086361461967, 52.294922741683905], [21.11086361461967, 52.2969227416839], [21.10886361461967, 52.2969227416839], [21.10886361461967, 52.294922741683905]]]}"
dzialki.mock_84,SW,17153.17,5155.89,22432.69,17276.8,,POG draft 2025-10-24,52.290114396688914,20.881376990366494,"{""type"": ""Polygon"", ""coordinates"": [[[20.880376990366493, 52.289114396688916], [20.882376990366495, 52.289114396688916], [20.882376990366495, 52.29111439668891], [20.880376990366493, 52.29111439668891], [20.880376990366493, 52.289114396688916]]]}"
dzialki.mock_85,SW,37285.4,16958.23,73114.96,56156.73,,POG draft 2025-10-24,52.262693566401516,21.123410217571536,"{""type"": ""Polygon"", ""coordinates"": [[[21.122410217571534, 52.26169356640152], [21.124410217571537, 52.26169356640152], [21.124410217571537, 52.263693566401514], [21.122410217571534, 52.263693566401514], [21.122410217571534, 52.26169356640152]]]}"
dzialki.mock_86,SU,22071.23,23001.29,37616.37,14615.08,,POG draft 2025-10-24,52.29404150275615,21.09013301418766,"{""type"": ""Polygon"", ""coordinates"": [[[21.08913301418766, 52.293041502756154], [21.091133014187662, 52.293041502756154], [21.091133014187662, 52.29504150275615], [21.08913301418766, 52.29504150275615], [21.08913301418766, 52.293041502756154]]]}"
dzialki.mock_87,SU,25098.48,23609.13,38804.96,15195.83,,POG draft 2025-10-24,52.26748813000692,20.988085883436202,"{""type"": ""Polygon"", ""coordinates"": [[[20.9870858834362, 52.26648813000692], [20.989085883436204, 52.26648813000692], [20.989085883436204, 52.268488130006915], [20.9870858834362, 52.268488130006915], [20.9870858834362, 52.26648813000692]]]}"
dzialki.mock_88,SU,5048.55,1494.96,5890.99,4396.03,,POG draft 2025-10-24,52.1982817519108,20.94606970127044,"{""type"": ""Polygon"", ""coordinates"": [[[20.945069701270437, 52.1972817519108], [20.94706970127044, 52.1972817519108], [20.94706970127044, 52.199281751910796], [20.945069701270437, 52.199281751910796], [20.945069701270437, 52.1972817519108]]]}"
dzialki.mock_89,SN,33125.49,39661.11,51423.63,11762.52,,POG draft 2025-10-24,52.12326411564504,20.997097663248994,"{""type"": ""Polygon"", ""coordinates"": [[[20.996097663248992, 52.122264115645045], [20.998097663248995, 52.122264115645045], [20.998097663248995, 52.12426411564504], [20.996097663248992, 52.12426411564504], [20.996097663248992, 52.122264115645045]]]}"
dzialki.mock_90,SN,31233.55,26991.8,71851.38,44859.58,,POG draft 2025-10-24,52.31633762959838,21.12387841620049,"{""type"": ""Polygon"", ""coordinates"": [[[21.12287841620049, 52.31533762959838], [21.12487841620049, 52.31533762959838], [21.12487841620049, 52.31733762959838], [21.12287841620049, 52.31733762959838], [21.12287841620049, 52.31533762959838]]]}"
dzialki.mock_91,SN,18201.94,5278.21,24949.12,19670.91,,POG draft 2025-10-24,52.26978900253205,20.882917301429277,"{""type"": ""Polygon"", ""coordinates"": [[[20.881917301429276, 52.26878900253205], [20.88391730142928, 52.26878900253205], [20.88391730142928, 52.27078900253205], [20.881917301429276, 52.27078900253205], [20.881917301429276, 52.26878900253205]]]}"
dzialki.mock_92,SN,14542.63,4653.0,23712.74,19059.74,,POG draft 2025-10-24,52.30126726607995,21.044234377896444,"{""type"": ""Polygon"", ""coordinates"": [[[21.043234377896443, 52.30026726607995], [21.045234377896445, 52.30026726607995], [21.045234377896445, 52.302267266079944], [21.043234377896443, 52.302267266079944], [21.043234377896443, 52.30026726607995]]]}"
dzialki.mock_93,SW,2212.26,2250.52,3423.58,1173.06,,POG draft 2025-10-24,52.252632197586124,21.07248352566924,"{""type"": ""Polygon"", ""coordinates"": [[[21.07148352566924, 52.251632197586126], [21.073483525669243, 52.251632197586126], [21.073483525669243, 52.25363219758612], [21.07148352566924, 52.25363219758612], [21.07148352566924, 52.251632197586126]]]}"
dzialki.mock_94,SU,28613.6,13005.42,76991.3,63985.88,,POG draft 2025-10-24,52.187243658251425,21.034921232225155,"{""type"": ""Polygon"", ""coordinates"": [[[21.033921232225154, 52.18624365825143], [21.035921232225157, 52.18624365825143], [21.035921232225157, 52.18824365825142], [21.033921232225154, 52.18824365825142], [21.033921232225154, 52.18624365825143]]]}"
dzialki.mock_95,SN,4947.12,1723.6,6228.98,4505.38,,POG draft 2025-10-24,52.25535740229105,21.008313689982337,"{""type"": ""Polygon"", ""coordinates"": [[[21.007313689982336, 52.25435740229105], [21.00931368998234, 52.25435740229105], [21.00931368998234, 52.256357402291044], [21.007313689982336, 52.256357402291044], [21.007313689982336, 52.25435740229105]]]}"
dzialki.mock_96,SN,24065.64,25973.13,44916.97,18943.84,,POG draft 2025-10-24,52.219540795297505,20.972829293928182,"{""type"": ""Polygon"", ""coordinates"": [[[20.97182929392818, 52.21854079529751], [20.973829293928183, 52.21854079529751], [20.973829293928183, 52.2205407952975], [20.97182929392818, 52.2205407952975], [20.97182929392818, 52.21854079529751]]]}"
dzialki.mock_97,SJ,15694.46,7551.26,20018.92,12467.66,,POG draft 2025-10-24,52.291083290338044,20.948145928677,"{""type"": ""Polygon"", ""coordinates"": [[[20.947145928677, 52.290083290338046], [20.949145928677, 52.290083290338046], [20.949145928677, 52.29208329033804], [20.947145928677, 52.29208329033804], [20.947145928677, 52.290083290338046]]]}"
dzialki.mock_98,SJ,32354.74,3617.44,35726.14,32108.7,,POG draft 2025-10-24,52.21296480978771,20.95328172416748,"{""type"": ""Polygon"", ""coordinates"": [[[20.952281724167477, 52.21196480978771], [20.95428172416748, 52.21196480978771], [20.95428172416748, 52.213964809787704], [20.952281724167477, 52.213964809787704], [20.952281724167477, 52.21196480978771]]]}"
dzialki.mock_99,SJ,47602.6,55043.03,69872.27,14829.24,,POG draft 2025-10-24,52.286438011231965,20.944176873683578,"{""type"": ""Polygon"", ""coordinates"": [[[20.943176873683576, 52.28543801123197], [20.94517687368358, 52.28543801123197], [20.94517687368358, 52.28743801123196], [20.943176873683576, 52.28743801123196], [20.943176873683576, 52.28543801123197]]]}"
dzialki.mock_100,SW,39767.64,38940.46,76259.72,37319.26,,POG draft 2025-10-24,52.2315526935379,21.13870783366897,"{""type"": ""Polygon"", ""coordinates"": [[[21.13770783366897, 52.2305526935379], [21.13970783366897, 52.2305526935379], [21.13970783366897, 52.2325526935379], [21.13770783366897, 52.2325526935379], [21.13770783366897, 52.2305526935379]]]}"
dzialki.mock_101,SJ,17816.62,15458.69,23329.32,7870.63,,POG draft 2025-10-24,52.29524650521553,20.928856282344775,"{""type"": ""Polygon"", ""coordinates"": [[[20.927856282344774, 52.29424650521553], [20.929856282344776, 52.29424650521553], [20.929856282344776, 52.29624650521553], [20.927856282344774, 52.29624650521553], [20.927856282344774, 52.29424650521553]]]}"
dzialki.mock_102,SJ,37298.08,5405.32,45642.06,40236.74,,POG draft 2025-10-24,52.289634881717,20.941037625005112,"{""type"": ""Polygon"", ""coordinates"": [[[20.94003762500511, 52.288634881717], [20.942037625005113, 52.288634881717], [20.942037625005113, 52.290634881717], [20.94003762500511, 52.290634881717], [20.94003762500511, 52.288634881717]]]}"
dzialki.mock_103,SJ,31061.76,30831.65,91350.41,60518.76,,POG draft 2025-10-24,52.171754903905764,20.93378201597758,"{""type"": ""Polygon"", ""coordinates"": [[[20.93278201597758, 52.17075490390577], [20.934782015977582, 52.17075490390577], [20.934782015977582, 52.17275490390576], [20.93278201597758, 52.17275490390576], [20.93278201597758, 52.17075490390577]]]}"
dzialki.mock_104,SU,20920.09,15903.31,31228.62,15325.31,,POG draft 2025-10-24,52.254713374211995,20.96383903641878,"{""type"": ""Polygon"", ""coordinates"": [[[20.962839036418778, 52.253713374212], [20.96483903641878, 52.253713374212], [20.96483903641878, 52.25571337421199], [20.962839036418778, 52.25571337421199], [20.962839036418778, 52.253713374212]]]}"
dzialki.mock_105,SU,48757.93,66799.76,118616.95,51817.19,,POG draft 2025-10-24,52.18248563036819,20.9578999813804,"{""type"": ""Polygon"", ""coordinates"": [[[20.9568999813804, 52.18148563036819], [20.9588999813804, 52.18148563036819], [20.9588999813804, 52.18348563036819], [20.9568999813804, 52.18348563036819], [20.9568999813804, 52.18148563036819]]]}"
dzialki.mock_106,SU,34891.0,72480.06,91457.97,18977.91,,POG draft 2025-10-24,52.21839312850939,20.92742492482616,"{""type"": ""Polygon"", ""coordinates"": [[[20.926424924826158, 52.21739312850939], [20.92842492482616, 52.21739312850939], [20.92842492482616, 52.21939312850939], [20.926424924826158, 52.21939312850939], [20.926424924826158, 52.21739312850939]]]}"
dzialki.mock_107,SU,35476.92,50478.59,101058.69,50580.1,,POG draft 2025-10-24,52.29289054168333,20.904037379836545,"{""type"": ""Polygon"", ""coordinates"": [[[20.903037379836544, 52.29189054168333], [20.905037379836546, 52.29189054168333], [20.905037379836546, 52.293890541683325], [20.903037379836544, 52.293890541683325], [20.903037379836544, 52.29189054168333]]]}"
dzialki.mock_108,SW,18852.65,14545.56,21615.33,7069.77,,POG draft 2025-10-24,52.16469714622162,21.001086557474494,"{""type"": ""Polygon"", ""coordinates"": [[[21.000086557474493, 52.16369714622162], [21.002086557474495, 52.16369714622162], [21.002086557474495, 52.16569714622162], [21.000086557474493, 52.16569714622162], [21.000086557474493, 52.16369714622162]]]}"
dzialki.mock_109,SN,41209.01,32633.37,85451.16,52817.79,,POG draft 2025-10-24,52.19143970823807,20.93000625445566,"{""type"": ""Polygon"", ""coordinates"": [[[20.929006254455658, 52.190439708238074], [20.93100625445566, 52.190439708238074], [20.93100625445566, 52.19243970823807], [20.929006254455658, 52.19243970823807], [20.929006254455658, 52.190439708238074]]]}"
dzialki.mock_110,SN,4755.96,1930.43,13476.24,11545.81,,POG draft 2025-10-24,52.273008226767615,20.931671887595776,"{""type"": ""Polygon"", ""coordinates"": [[[20.930671887595775, 52.27200822676762], [20.932671887595777, 52.27200822676762], [20.932671887595777, 52.27400822676761], [20.930671887595775, 52.27400822676761], [20.930671887595775, 52.27200822676762]]]}"
dzialki.mock_111,SN,3269.33,799.24,4295.97,3496.73,,POG draft 2025-10-24,52.1814730099292,21.049734930737692,"{""type"": ""Polygon"", ""coordinates"": [[[21.04873493073769, 52.1804730099292], [21.050734930737693, 52.1804730099292], [21.050734930737693, 52.1824730099292], [21.04873493073769, 52.1824730099292], [21.04873493073769, 52.1804730099292]]]}"
dzialki.mock_112,SW,8961.31,7856.79,11911.83,4055.04,,POG draft 2025-10-24,52.307029736409895,20.94861624868536,"{""type"": ""Polygon"", ""coordinates"": [[[20.94761624868536, 52.3060297364099], [20.949616248685363, 52.3060297364099], [20.949616248685363, 52.30802973640989], [20.94761624868536, 52.30802973640989], [20.94761624868536, 52.3060297364099]]]}"
dzialki.mock_113,SN,41289.88,86018.95,109765.76,23746.81,,POG draft 2025-10-24,52.23729354970483,20.96803672281389,"{""type"": ""Polygon"", ""coordinates"": [[[20.967036722813887, 52.23629354970483], [20.96903672281389, 52.23629354970483], [20.96903672281389, 52.23829354970483], [20.967036722813887, 52.23829354970483], [20.967036722813887, 52.23629354970483]]]}"
dzialki.mock_114,SW,28439.7,11274.91,44253.99,32979.08,,POG draft 2025-10-24,52.270957685238464,20.88007671170324,"{""type"": ""Polygon"", ""coordinates"": [[[20.879076711703238, 52.26995768523847], [20.88107671170324, 52.26995768523847], [20.88107671170324, 52.27195768523846], [20.879076711703238, 52.27195768523846], [20.879076711703238, 52.26995768523847]]]}"
dzialki.mock_115,SN,38690.53,943.14,104170.19,103227.05,,POG draft 2025-10-24,52.181972552069446,20.96556775811416,"{""type"": ""Polygon"", ""coordinates"": [[[20.96456775811416, 52.18097255206945], [20.966567758114163, 52.18097255206945], [20.966567758114163, 52.182972552069444], [20.96456775811416, 52.182972552069444], [20.96456775811416, 52.18097255206945]]]}"
dzialki.mock_116,SU,23251.28,11509.57,59043.24,47533.67,,POG draft 2025-10-24,52.21744789105728,20.96666278615906,"{""type"": ""Polygon"", ""coordinates"": [[[20.965662786159058, 52.216447891057285], [20.96766278615906, 52.216447891057285], [20.96766278615906, 52.21844789105728], [20.965662786159058, 52.21844789105728], [20.965662786159058, 52.216447891057285]]]}"
dzialki.mock_117,SN,19612.61,41297.62,53247.3,11949.68,,POG draft 2025-10-24,52.291805411077895,21.037516543474553,"{""type"": ""Polygon"", ""coordinates"": [[[21.03651654347455, 52.2908054110779], [21.038516543474554, 52.2908054110779], [21.038516543474554, 52.29280541107789], [21.03651654347455, 52.29280541107789], [21.03651654347455, 52.2908054110779]]]}"
dzialki.mock_118,SN,9993.59,1910.87,27432.45,25521.58,,POG draft 2025-10-24,52.12013210079123,21.087999401426757,"{""type"": ""Polygon"", ""coordinates"": [[[21.086999401426755, 52.119132100791234], [21.088999401426758, 52.119132100791234], [21.088999401426758, 52.12113210079123], [21.086999401426755, 52.12113210079123], [21.086999401426755, 52.119132100791234]]]}"
dzialki.mock_119,SJ,35935.61,38941.42,101591.73,62650.31,,POG draft 2025-10-24,52.31658087608213,21.041425949186074,"{""type"": ""Polygon"", ""coordinates"": [[[21.040425949186073, 52.31558087608213], [21.042425949186075, 52.31558087608213], [21.042425949186075, 52.317580876082125], [21.040425949186073, 52.317580876082125], [21.040425949186073, 52.31558087608213]]]}"
dzialki.mock_120,SW,29899.17,35581.72,59458.89,23877.17,,POG draft 2025-10-24,52.3080525551617,21.128539415691076,"{""type"": ""Polygon"", ""coordinates"": [[[21.127539415691075, 52.307052555161704], [21.129539415691077, 52.307052555161704], [21.129539415691077, 52.3090525551617], [21.127539415691075, 52.3090525551617], [21.127539415691075, 52.307052555161704]]]}"
dzialki.mock_121,SW,1510.02,727.11,2530.6,1803.49,,POG draft 2025-10-24,52.2650656332852,20.97613940089021,"{""type"": ""Polygon"", ""coordinates"": [[[20.97513940089021, 52.2640656332852], [20.977139400890213, 52.2640656332852], [20.977139400890213, 52.266065633285194], [20.97513940089021, 52.266065633285194], [20.97513940089021, 52.2640656332852]]]}"
dzialki.mock_122,SN,36093.32,55149.57,83594.04,28444.47,,POG draft 2025-10-24,52.15673854455922,21.141226333130795,"{""type"": ""Polygon"", ""coordinates"": [[[21.140226333130794, 52.15573854455922], [21.142226333130797, 52.15573854455922], [21.142226333130797, 52.157738544559216], [21.140226333130794, 52.157738544559216], [21.140226333130794, 52.15573854455922]]]}"
dzialki.mock_123,SJ,3843.1,699.34,4162.27,3462.93,,POG draft 2025-10-24,52.16312238735715,21.038121436524005,"{""type"": ""Polygon"", ""coordinates"": [[[21.037121436524004, 52.16212238735715], [21.039121436524006, 52.16212238735715], [21.039121436524006, 52.164122387357146], [21.037121436524004, 52.164122387357146], [21.037121436524004, 52.16212238735715]]]}"
dzialki.mock_124,SU,15303.14,21116.49,44105.49,22989.0,,POG draft 2025-10-24,52.27974507651129,20.926419079546164,"{""type"": ""Polygon"", ""coordinates"": [[[20.925419079546163, 52.27874507651129], [20.927419079546166, 52.27874507651129], [20.927419079546166, 52.28074507651129], [20.925419079546163, 52.28074507651129], [20.925419079546163, 52.27874507651129]]]}"
dzialki.mock_125,SW,14261.53,27779.14,36660.13,8880.99,,POG draft 2025-10-24,52.21388619355289,20.997754275780597,"{""type"": ""Polygon"", ""coordinates"": [[[20.996754275780596, 52.21288619355289], [20.9987542757806, 52.21288619355289], [20.9987542757806, 52.214886193552886], [20.996754275780596, 52.214886193552886], [20.996754275780596, 52.21288619355289]]]}"
dzialki.mock_126,SW,41881.69,66210.61,116708.41,50497.8,,POG draft 2025-10-24,52.15247190397911,20.950979040360124,"{""type"": ""Polygon"", ""coordinates"": [[[20.949979040360123, 52.151471903979115], [20.951979040360126, 52.151471903979115], [20.951979040360126, 52.15347190397911], [20.949979040360123, 52.15347190397911], [20.949979040360123, 52.151471903979115]]]}"
dzialki.mock_127,SN,29271.72,5728.68,49659.11,43930.43,,POG draft 2025-10-24,52.27675420315117,20.89943754435005,"{""type"": ""Polygon"", ""coordinates"": [[[20.89843754435005, 52.27575420315117], [20.90043754435005, 52.27575420315117], [20.90043754435005, 52.27775420315117], [20.89843754435005, 52.27775420315117], [20.89843754435005, 52.27575420315117]]]}"
dzialki.mock_128,SU,39191.03,66612.94,117003.11,50390.17,,POG draft 2025-10-24,52.17607480480552,20.877350475782272,"{""type"": ""Polygon"", ""coordinates"": [[[20.87635047578227, 52.175074804805526], [20.878350475782273, 52.175074804805526], [20.878350475782273, 52.17707480480552], [20.87635047578227, 52.17707480480552], [20.87635047578227, 52.175074804805526]]]}"
dzialki.mock_129,SU,41559.37,34092.7,61347.39,27254.69,,POG draft 2025-10-24,52.253335744740774,20.96093083545834,"{""type"": ""Polygon"", ""coordinates"": [[[20.959930835458337, 52.252335744740776], [20.96193083545834, 52.252335744740776], [20.96193083545834, 52.25433574474077], [20.959930835458337, 52.25433574474077], [20.959930835458337, 52.252335744740776]]]}"
dzialki.mock_130,SU,31498.97,3265.3,52768.68,49503.38,,POG draft 2025-10-24,52.31166661995851,21.072029271266615,"{""type"": ""Polygon"", ""coordinates"": [[[21.071029271266614, 52.31066661995851], [21.073029271266616, 52.31066661995851], [21.073029271266616, 52.312666619958506], [21.071029271266614, 52.312666619958506], [21.071029271266614, 52.31066661995851]]]}"
dzialki.mock_131,SJ,46285.95,63614.6,99736.05,36121.45,,POG draft 2025-10-24,52.23383250843235,21.085128627570466,"{""type"": ""Polygon"", ""coordinates"": [[[21.084128627570465, 52.23283250843235], [21.086128627570467, 52.23283250843235], [21.086128627570467, 52.23483250843235], [21.084128627570465, 52.23483250843235], [21.084128627570465, 52.23283250843235]]]}"
dzialki.mock_132,SU,34477.52,53655.67,69946.56,16290.89,,POG draft 2025-10-24,52.270559657790706,21.059489364850876,"{""type"": ""Polygon"", ""coordinates"": [[[21.058489364850875, 52.26955965779071], [21.060489364850877, 52.26955965779071], [21.060489364850877, 52.271559657790704], [21.058489364850875, 52.271559657790704], [21.058489364850875, 52.26955965779071]]]}"
dzialki.mock_133,SU,29859.96,45976.65,58061.03,12084.38,,POG draft 2025-10-24,52.2887437027897,21.01115749586167,"{""type"": ""Polygon"", ""coordinates"": [[[21.01015749586167, 52.287743702789705], [21.012157495861672, 52.287743702789705], [21.012157495861672, 52.2897437027897], [21.01015749586167, 52.2897437027897], [21.01015749586167, 52.287743702789705]]]}"
dzialki.mock_134,SN,36850.72,19376.01,62119.01,42743.0,,POG draft 2025-10-24,52.26501532263895,21.121701057327968,"{""type"": ""Polygon"", ""coordinates"": [[[21.120701057327967, 52.264015322638954], [21.12270105732797, 52.264015322638954], [21.12270105732797, 52.26601532263895], [21.120701057327967, 52.26601532263895], [21.120701057327967, 52.264015322638954]]]}"
dzialki.mock_135,SW,30990.99,255.81,46490.51,46234.7,,POG draft 2025-10-24,52.16624609220989,21.03358447796216,"{""type"": ""Polygon"", ""coordinates"": [[[21.03258447796216, 52.16524609220989], [21.034584477962163, 52.16524609220989], [21.034584477962163, 52.167246092209886], [21.03258447796216, 52.167246092209886], [21.03258447796216, 52.16524609220989]]]}"
dzialki.mock_136,SJ,20476.12,22321.68,29001.52,6679.84,,POG draft 2025-10-24,52.1219219880696,21.11606325906219,"{""type"": ""Polygon"", ""coordinates"": [[[21.11506325906219, 52.120921988069604], [21.117063259062192, 52.120921988069604], [21.117063259062192, 52.1229219880696], [21.11506325906219, 52.1229219880696], [21.11506325906219, 52.120921988069604]]]}"
dzialki.mock_137,SJ,28946.74,7656.27,37464.21,29807.94,,POG draft 2025-10-24,52.173476260792775,21.075250281781244,"{""type"": ""Polygon"", ""coordinates"": [[[21.074250281781243, 52.17247626079278], [21.076250281781245, 52.17247626079278], [21.076250281781245, 52.17447626079277], [21.074250281781243, 52.17447626079277], [21.074250281781243, 52.17247626079278]]]}"
dzialki.mock_138,SU,37562.83,5088.85,44432.12,39343.27,,POG draft 2025-10-24,52.243351023215624,21.1405928662039,"{""type"": ""Polygon"", ""coordinates"": [[[21.1395928662039, 52.242351023215626], [21.1415928662039, 52.242351023215626], [21.1415928662039, 52.24435102321562], [21.1395928662039, 52.24435102321562], [21.1395928662039, 52.242351023215626]]]}"
dzialki.mock_139,SN,24407.4,11725.24,25976.31,14251.07,,POG draft 2025-10-24,52.2050966104151,21.01084521649189,"{""type"": ""Polygon"", ""coordinates"": [[[21.00984521649189, 52.2040966104151], [21.011845216491892, 52.2040966104151], [21.011845216491892, 52.206096610415095], [21.00984521649189, 52.206096610415095], [21.00984521649189, 52.2040966104151]]]}"
dzialki.mock_140,SW,17409.33,23437.6,32087.48,8649.88,,POG draft 2025-10-24,52.19293728461993,21.13843023412762,"{""type"": ""Polygon"", ""coordinates"": [[[21.137430234127617, 52.19193728461993], [21.13943023412762, 52.19193728461993], [21.13943023412762, 52.19393728461993], [21.137430234127617, 52.19393728461993], [21.137430234127617, 52.19193728461993]]]}"
dzialki.mock_141,SW,19192.65,11447.74,25873.01,14425.27,,POG draft 2025-10-24,52.31761573736313,21.099448789638156,"{""type"": ""Polygon"", ""coordinates"": [[[21.098448789638155, 52.31661573736313], [21.100448789638158, 52.31661573736313], [21.100448789638158, 52.318615737363125], [21.098448789638155, 52.318615737363125], [21.098448789638155, 52.31661573736313]]]}"
dzialki.mock_142,SN,29900.56,387.06,35783.19,35396.13,,POG draft 2025-10-24,52.20278999261675,20.90116527143756,"{""type"": ""Polygon"", ""coordinates"": [[[20.900165271437558, 52.20178999261675], [20.90216527143756, 52.20178999261675], [20.90216527143756, 52.20378999261675], [20.900165271437558, 52.20378999261675], [20.900165271437558, 52.20178999261675]]]}"
dzialki.mock_143,SJ,36289.86,22493.57,84187.3,61693.73,,POG draft 2025-10-24,52.136248921155754,20.889031276171504,"{""type"": ""Polygon"", ""coordinates"": [[[20.888031276171503, 52.13524892115576], [20.890031276171506, 52.13524892115576], [20.890031276171506, 52.13724892115575], [20.888031276171503, 52.13724892115575], [20.888031276171503, 52.13524892115576]]]}"
dzialki.mock_144,SN,35931.5,18572.95,41113.83,22540.88,,POG draft 2025-10-24,52.25765505915551,20.95637178623614,"{""type"": ""Polygon"", ""coordinates"": [[[20.95537178623614, 52.25665505915551], [20.95737178623614, 52.25665505915551], [20.95737178623614, 52.25865505915551], [20.95537178623614, 52.25865505915551], [20.95537178623614, 52.25665505915551]]]}"
dzialki.mock_145,SJ,9453.65,10879.2,26076.7,15197.5,,POG draft 2025-10-24,52.198139452570295,21.026518900618438,"{""type"": ""Polygon"", ""coordinates"": [[[21.025518900618437, 52.1971394525703], [21.02751890061844, 52.1971394525703], [21.02751890061844, 52.19913945257029], [21.025518900618437, 52.19913945257029], [21.025518900618437, 52.1971394525703]]]}"
dzialki.mock_146,SW,3195.44,775.23,5272.54,4497.31,,POG draft 2025-10-24,52.1455573977404,20.90428459321463,"{""type"": ""Polygon"", ""coordinates"": [[[20.90328459321463, 52.1445573977404], [20.90528459321463, 52.1445573977404], [20.90528459321463, 52.146557397740395], [20.90328459321463, 52.146557397740395], [20.90328459321463, 52.1445573977404]]]}"
dzialki.mock_147,SJ,13889.36,15955.17,22158.04,6202.87,,POG draft 2025-10-24,52.22880618759384,20.884422460217525,"{""type"": ""Polygon"", ""coordinates"": [[[20.883422460217524, 52.22780618759384], [20.885422460217526, 52.22780618759384], [20.885422460217526, 52.22980618759384], [20.883422460217524, 52.22980618759384], [20.883422460217524, 52.22780618759384]]]}"
dzialki.mock_148,SJ,12397.01,1345.22,23134.07,21788.85,,POG draft 2025-10-24,52.208228674481475,20.988517408845052,"{""type"": ""Polygon"", ""coordinates"": [[[20.98751740884505, 52.20722867448148], [20.989517408845053, 52.20722867448148], [20.989517408845053, 52.20922867448147], [20.98751740884505, 52.20922867448147], [20.98751740884505, 52.20722867448148]]]}"
dzialki.mock_149,SU,46459.12,48062.29,136853.14,88790.85,,POG draft 2025-10-24,52.15767784394656,20.97849922700089,"{""type"": ""Polygon"", ""coordinates"": [[[20.977499227000887, 52.15667784394656], [20.97949922700089, 52.15667784394656], [20.97949922700089, 52.158677843946556], [20.977499227000887, 52.158677843946556], [20.977499227000887, 52.15667784394656]]]}"
dzialki.mock_150,SJ,17006.88,31662.35,46994.44,15332.09,,POG draft 2025-10-24,52.141905996732646,21.040292463430884,"{""type"": ""Polygon"", ""coordinates"": [[[21.039292463430883, 52.14090599673265], [21.041292463430885, 52.14090599673265], [21.041292463430885, 52.142905996732644], [21.039292463430883, 52.142905996732644], [21.039292463430883, 52.14090599673265]]]}"
dzialki.mock_151,SU,5128.63,6658.22,12620.42,5962.2,,POG draft 2025-10-24,52.17822909426576,21.036420578609132,"{""type"": ""Polygon"", ""coordinates"": [[[21.03542057860913, 52.17722909426576], [21.037420578609133, 52.17722909426576], [21.037420578609133, 52.17922909426576], [21.03542057860913, 52.17922909426576], [21.03542057860913, 52.17722909426576]]]}"
dzialki.mock_152,SN,15337.81,22434.07,38036.27,15602.2,,POG draft 2025-10-24,52.29926052215332,20.895934626695656,"{""type"": ""Polygon"", ""coordinates"": [[[20.894934626695655, 52.29826052215332], [20.896934626695657, 52.29826052215332], [20.896934626695657, 52.300260522153316], [20.894934626695655, 52.300260522153316], [20.894934626695655, 52.29826052215332]]]}"
dzialki.mock_153,SN,44546.01,5106.1,65440.82,60334.72,,POG draft 2025-10-24,52.16734896312292,21.14152858178801,"{""type"": ""Polygon"", ""coordinates"": [[[21.140528581788008, 52.16634896312292], [21.14252858178801, 52.16634896312292], [21.14252858178801, 52.16834896312292], [21.140528581788008, 52.16834896312292], [21.140528581788008, 52.16634896312292]]]}"
dzialki.mock_154,SW,41068.76,53765.38,99187.52,45422.14,,POG draft 2025-10-24,52.300502691535705,21.08993184481833,"{""type"": ""Polygon"", ""coordinates"": [[[21.08893184481833, 52.29950269153571], [21.090931844818332, 52.29950269153571], [21.090931844818332, 52.3015026915357], [21.08893184481833, 52.3015026915357], [21.08893184481833, 52.29950269153571]]]}"
dzialki.mock_155,SU,42121.79,20673.61,64178.88,43505.27,,POG draft 2025-10-24,52.316724617530916,21.117288663651845,"{""type"": ""Polygon"", ""coordinates"": [[[21.116288663651844, 52.31572461753092], [21.118288663651846, 52.31572461753092], [21.118288663651846, 52.317724617530914], [21.116288663651844, 52.317724617530914], [21.116288663651844, 52.31572461753092]]]}"
dzialki.mock_156,SN,46139.02,63752.15,93762.96,30010.81,,POG draft 2025-10-24,52.169806546515645,21.148854079954916,"{""type"": ""Polygon"", ""coordinates"": [[[21.147854079954914, 52.16880654651565], [21.149854079954917, 52.16880654651565], [21.149854079954917, 52.17080654651564], [21.147854079954914, 52.17080654651564], [21.147854079954914, 52.16880654651565]]]}"
dzialki.mock_157,SU,3933.9,1921.75,3980.34,2058.59,,POG draft 2025-10-24,52.30331168655717,20.991207687803726,"{""type"": ""Polygon"", ""coordinates"": [[[20.990207687803725, 52.302311686557175], [20.992207687803727, 52.302311686557175], [20.992207687803727, 52.30431168655717], [20.990207687803725, 52.30431168655717], [20.990207687803725, 52.302311686557175]]]}"
dzialki.mock_158,SJ,3831.61,5551.19,7632.22,2081.03,,POG draft 2025-10-24,52.155711070109916,21.08846468211217,"{""type"": ""Polygon"", ""coordinates"": [[[21.08746468211217, 52.15471107010992], [21.089464682112173, 52.15471107010992], [21.089464682112173, 52.156711070109914], [21.08746468211217, 52.156711070109914], [21.08746468211217, 52.15471107010992]]]}"
dzialki.mock_159,SN,8163.66,757.69,10214.55,9456.86,,POG draft 2025-10-24,52.31822993220348,21.117845326544963,"{""type"": ""Polygon"", ""coordinates"": [[[21.11684532654496, 52.31722993220348], [21.118845326544964, 52.31722993220348], [21.118845326544964, 52.31922993220348], [21.11684532654496, 52.31922993220348], [21.11684532654496, 52.31722993220348]]]}"
dzialki.mock_160,SJ,48204.63,27674.89,61940.7,34265.81,,POG draft 2025-10-24,52.31031932045879,21.001697777675552,"{""type"": ""Polygon"", ""coordinates"": [[[21.00069777767555, 52.30931932045879], [21.002697777675554, 52.30931932045879], [21.002697777675554, 52.311319320458786], [21.00069777767555, 52.311319320458786], [21.00069777767555, 52.30931932045879]]]}"
dzialki.mock_161,SU,9583.21,14680.41,27688.88,13008.47,,POG draft 2025-10-24,52.313475363579364,21.132717861441417,"{""type"": ""Polygon"", ""coordinates"": [[[21.131717861441416, 52.31247536357937], [21.13371786144142, 52.31247536357937], [21.13371786144142, 52.31447536357936], [21.131717861441416, 52.31447536357936], [21.131717861441416, 52.31247536357937]]]}"
dzialki.mock_162,SN,18477.21,37986.69,49723.5,11736.81,,POG draft 2025-10-24,52.21182508927158,20.85661674632844,"{""type"": ""Polygon"", ""coordinates"": [[[20.85561674632844, 52.21082508927158], [20.857616746328443, 52.21082508927158], [20.857616746328443, 52.212825089271576], [20.85561674632844, 52.212825089271576], [20.85561674632844, 52.21082508927158]]]}"
dzialki.mock_163,SN,17040.53,2189.17,36022.66,33833.49,,POG draft 2025-10-24,52.233084549411316,21.131661070629352,"{""type"": ""Polygon"", ""coordinates"": [[[21.13066107062935, 52.23208454941132], [21.132661070629354, 52.23208454941132], [21.132661070629354, 52.234084549411314], [21.13066107062935, 52.234084549411314], [21.13066107062935, 52.23208454941132]]]}"
dzialki.mock_164,SW,13702.36,4503.98,21252.85,16748.87,,POG draft 2025-10-24,52.16652531809143,21.104429611842036,"{""type"": ""Polygon"", ""coordinates"": [[[21.103429611842035, 52.16552531809143], [21.105429611842037, 52.16552531809143], [21.105429611842037, 52.16752531809143], [21.103429611842035, 52.16752531809143], [21.103429611842035, 52.16552531809143]]]}"
dzialki.mock_165,SW,35762.97,8868.4,82180.09,73311.69,,POG draft 2025-10-24,52.292237277059165,21.095489674952038,"{""type"": ""Polygon"", ""coordinates"": [[[21.094489674952037, 52.29123727705917], [21.09648967495204, 52.29123727705917], [21.09648967495204, 52.29323727705916], [21.094489674952037, 52.29323727705916], [21.094489674952037, 52.29123727705917]]]}"
dzialki.mock_166,SU,2684.48,4132.77,6511.6,2378.83,,POG draft 2025-10-24,52.13855066112524,21.083788775303915,"{""type"": ""Polygon"", ""coordinates"": [[[21.082788775303914, 52.13755066112524], [21.084788775303917, 52.13755066112524], [21.084788775303917, 52.139550661125234], [21.082788775303914, 52.139550661125234], [21.082788775303914, 52.13755066112524]]]}"
dzialki.mock_167,SW,42495.88,880.15,56273.76,55393.61,,POG draft 2025-10-24,52.238881945957104,20.87836866474586,"{""type"": ""Polygon"", ""coordinates"": [[[20.87736866474586, 52.237881945957106], [20.87936866474586, 52.237881945957106], [20.87936866474586, 52.2398819459571], [20.87736866474586, 52.2398819459571], [20.87736866474586, 52.237881945957106]]]}"
dzialki.mock_168,SU,6119.27,5455.61,8383.88,2928.27,,POG draft 2025-10-24,52.13530369444776,20.883193263199043,"{""type"": ""Polygon"", ""coordinates"": [[[20.882193263199042, 52.13430369444776], [20.884193263199045, 52.13430369444776], [20.884193263199045, 52.136303694447754], [20.882193263199042, 52.136303694447754], [20.882193263199042, 52.13430369444776]]]}"
dzialki.mock_169,SW,32370.99,34231.07,93837.08,59606.01,,POG draft 2025-10-24,52.22083928870843,21.021512228115032,"{""type"": ""Polygon"", ""coordinates"": [[[21.02051222811503, 52.219839288708435], [21.022512228115033, 52.219839288708435], [21.022512228115033, 52.22183928870843], [21.02051222811503, 52.22183928870843], [21.02051222811503, 52.219839288708435]]]}"
dzialki.mock_170,SJ,2812.84,5446.1,7314.81,1868.71,,POG draft 2025-10-24,52.314282062417625,21.106610054299928,"{""type"": ""Polygon"", ""coordinates"": [[[21.105610054299927, 52.31328206241763], [21.10761005429993, 52.31328206241763], [21.10761005429993, 52.31528206241762], [21.105610054299927, 52.31528206241762], [21.105610054299927, 52.31328206241763]]]}"
dzialki.mock_171,SJ,17699.31,2323.53,42561.75,40238.22,,POG draft 2025-10-24,52.22266013914152,21.062583478548927,"{""type"": ""Polygon"", ""coordinates"": [[[21.061583478548926, 52.22166013914152], [21.063583478548928, 52.22166013914152], [21.063583478548928, 52.223660139141515], [21.061583478548926, 52.223660139141515], [21.061583478548926, 52.22166013914152]]]}"
dzialki.mock_172,SW,26980.51,15831.27,31049.18,15217.91,,POG draft 2025-10-24,52.26175352401277,20.85629595112187,"{""type"": ""Polygon"", ""coordinates"": [[[20.855295951121867, 52.26075352401277], [20.85729595112187, 52.26075352401277], [20.85729595112187, 52.262753524012766], [20.855295951121867, 52.262753524012766], [20.855295951121867, 52.26075352401277]]]}"
dzialki.mock_173,SW,45301.15,62819.33,91357.73,28538.4,,POG draft 2025-10-24,52.202422318141046,21.034194235036153,"{""type"": ""Polygon"", ""coordinates"": [[[21.033194235036152, 52.20142231814105], [21.035194235036155, 52.20142231814105], [21.035194235036155, 52.203422318141044], [21.033194235036152, 52.203422318141044], [21.033194235036152, 52.20142231814105]]]}"
dzialki.mock_174,SN,38048.95,23442.68,105561.56,82118.88,,POG draft 2025-10-24,52.15588345218688,21.09687659080498,"{""type"": ""Polygon"", ""coordinates"": [[[21.095876590804977, 52.15488345218688], [21.09787659080498, 52.15488345218688], [21.09787659080498, 52.156883452186875], [21.095876590804977, 52.156883452186875], [21.095876590804977, 52.15488345218688]]]}"
dzialki.mock_175,SU,14125.17,2780.67,19007.7,16227.03,,POG draft 2025-10-24,52.165259620211515,20.886659081806943,"{""type"": ""Polygon"", ""coordinates"": [[[20.885659081806942, 52.16425962021152], [20.887659081806945, 52.16425962021152], [20.887659081806945, 52.16625962021151], [20.885659081806942, 52.16625962021151], [20.885659081806942, 52.16425962021152]]]}"
dzialki.mock_176,SJ,24912.59,45570.22,60044.69,14474.47,,POG draft 2025-10-24,52.219585304151686,21.114298078498248,"{""type"": ""Polygon"", ""coordinates"": [[[21.113298078498246, 52.21858530415169], [21.11529807849825, 52.21858530415169], [21.11529807849825, 52.22058530415168], [21.113298078498246, 52.22058530415168], [21.113298078498246, 52.21858530415169]]]}"
dzialki.mock_177,SW,38254.84,15336.75,41937.18,26600.43,,POG draft 2025-10-24,52.24566128607387,20.906128883844946,"{""type"": ""Polygon"", ""coordinates"": [[[20.905128883844945, 52.24466128607387], [20.907128883844948, 52.24466128607387], [20.907128883844948, 52.246661286073866], [20.905128883844945, 52.246661286073866], [20.905128883844945, 52.24466128607387]]]}"
dzialki.mock_178,SJ,47365.25,37397.01,83527.46,46130.45,,POG draft 2025-10-24,52.12942666203047,21.000278841078572,"{""type"": ""Polygon"", ""coordinates"": [[[20.99927884107857, 52.12842666203047], [21.001278841078573, 52.12842666203047], [21.001278841078573, 52.130426662030466], [20.99927884107857, 52.130426662030466], [20.99927884107857, 52.12842666203047]]]}"
dzialki.mock_179,SJ,14968.67,5142.6,28844.25,23701.65,,POG draft 2025-10-24,52.24839385212017,20.955048135290408,"{""type"": ""Polygon"", ""coordinates"": [[[20.954048135290407, 52.24739385212017], [20.95604813529041, 52.24739385212017], [20.95604813529041, 52.249393852120164], [20.954048135290407, 52.249393852120164], [20.954048135290407, 52.24739385212017]]]}"
dzialki.mock_180,SU,12552.1,2050.0,28127.6,26077.6,,POG draft 2025-10-24,52.169523704922426,21.08453223417945,"{""type"": ""Polygon"", ""coordinates"": [[[21.083532234179447, 52.16852370492243], [21.08553223417945, 52.16852370492243], [21.08553223417945, 52.170523704922424], [21.083532234179447, 52.170523704922424], [21.083532234179447, 52.16852370492243]]]}"
dzialki.mock_181,SN,12665.29,1243.27,34028.91,32785.64,,POG draft 2025-10-24,52.233511581109845,21.06809046471956,"{""type"": ""Polygon"", ""coordinates"": [[[21.06709046471956, 52.23251158110985], [21.06909046471956, 52.23251158110985], [21.06909046471956, 52.23451158110984], [21.06709046471956, 52.23451158110984], [21.06709046471956, 52.23251158110985]]]}"
dzialki.mock_182,SJ,3385.68,2542.6,6226.03,3683.43,,POG draft 2025-10-24,52.17598662903479,21.02718459361678,"{""type"": ""Polygon"", ""coordinates"": [[[21.02618459361678, 52.17498662903479], [21.028184593616782, 52.17498662903479], [21.028184593616782, 52.176986629034786], [21.02618459361678, 52.176986629034786], [21.02618459361678, 52.17498662903479]]]}"
dzialki.mock_183,SU,4698.38,1736.45,6782.46,5046.01,,POG draft 2025-10-24,52.234793568681965,20.898130982633376,"{""type"": ""Polygon"", ""coordinates"": [[[20.897130982633374, 52.23379356868197], [20.899130982633377, 52.23379356868197], [20.899130982633377, 52.23579356868196], [20.897130982633374, 52.23579356868196], [20.897130982633374, 52.23379356868197]]]}"
dzialki.mock_184,SJ,26145.59,11189.4,28621.07,17431.67,,POG draft 2025-10-24,52.183920187377765,20.87940275836423,"{""type"": ""Polygon"", ""coordinates"": [[[20.878402758364228, 52.18292018737777], [20.88040275836423, 52.18292018737777], [20.88040275836423, 52.18492018737776], [20.878402758364228, 52.18492018737776], [20.878402758364228, 52.18292018737777]]]}"
dzialki.mock_185,SU,33487.88,69947.26,91345.7,21398.44,,POG draft 2025-10-24,52.1797163644956,20.95839907820196,"{""type"": ""Polygon"", ""coordinates"": [[[20.95739907820196, 52.1787163644956], [20.95939907820196, 52.1787163644956], [20.95939907820196, 52.180716364495595], [20.95739907820196, 52.180716364495595], [20.95739907820196, 52.1787163644956]]]}"
dzialki.mock_186,SW,34658.33,56619.12,94443.92,37824.8,,POG draft 2025-10-24,52.144132218739315,21.121695076303283,"{""type"": ""Polygon"", ""coordinates"": [[[21.12069507630328, 52.14313221873932], [21.122695076303284, 52.14313221873932], [21.122695076303284, 52.14513221873931], [21.12069507630328, 52.14513221873931], [21.12069507630328, 52.14313221873932]]]}"
dzialki.mock_187,SN,6739.58,7317.44,13997.92,6680.48,,POG draft 2025-10-24,52.23164887612543,21.009839640498026,"{""type"": ""Polygon"", ""coordinates"": [[[21.008839640498024, 52.230648876125436], [21.010839640498027, 52.230648876125436], [21.010839640498027, 52.23264887612543], [21.008839640498024, 52.23264887612543], [21.008839640498024, 52.230648876125436]]]}"
dzialki.mock_188,SU,27656.06,41744.44,61851.35,20106.91,,POG draft 2025-10-24,52.250383132259856,21.064679746210007,"{""type"": ""Polygon"", ""coordinates"": [[[21.063679746210006, 52.24938313225986], [21.06567974621001, 52.24938313225986], [21.06567974621001, 52.25138313225985], [21.063679746210006, 52.25138313225985], [21.063679746210006, 52.24938313225986]]]}"
dzialki.mock_189,SU,19569.38,13273.04,39812.02,26538.98,,POG draft 2025-10-24,52.18911797856083,21.028593826945514,"{""type"": ""Polygon"", ""coordinates"": [[[21.027593826945512, 52.18811797856083], [21.029593826945515, 52.18811797856083], [21.029593826945515, 52.19011797856083], [21.027593826945512, 52.19011797856083], [21.027593826945512, 52.18811797856083]]]}"
dzialki.mock_190,SU,41864.77,45440.31,84421.99,38981.68,,POG draft 2025-10-24,52.20054474688108,20.993233864908476,"{""type"": ""Polygon"", ""coordinates"": [[[20.992233864908474, 52.19954474688108], [20.994233864908477, 52.19954474688108], [20.994233864908477, 52.201544746881076], [20.992233864908474, 52.201544746881076], [20.992233864908474, 52.19954474688108]]]}"
dzialki.mock_191,SW,1934.81,1680.87,5091.39,3410.52,,POG draft 2025-10-24,52.155985792118706,21.113077788050692,"{""type"": ""Polygon"", ""coordinates"": [[[21.11207778805069, 52.15498579211871], [21.114077788050693, 52.15498579211871], [21.114077788050693, 52.156985792118704], [21.11207778805069, 52.156985792118704], [21.11207778805069, 52.15498579211871]]]}"
dzialki.mock_192,SU,11706.63,25342.71,33191.37,7848.66,,POG draft 2025-10-24,52.13513307463196,21.0815829640443,"{""type"": ""Polygon"", ""coordinates"": [[[21.0805829640443, 52.13413307463196], [21.082582964044303, 52.13413307463196], [21.082582964044303, 52.13613307463196], [21.0805829640443, 52.13613307463196], [21.0805829640443, 52.13413307463196]]]}"
dzialki.mock_193,SN,38426.29,30799.32,82799.6,52000.28,,POG draft 2025-10-24,52.26538979416178,20.94838901834742,"{""type"": ""Polygon"", ""coordinates"": [[[20.94738901834742, 52.26438979416178], [20.94938901834742, 52.26438979416178], [20.94938901834742, 52.266389794161775], [20.94738901834742, 52.266389794161775], [20.94738901834742, 52.26438979416178]]]}"
dzialki.mock_194,SJ,20587.23,5466.36,27144.07,21677.71,,POG draft 2025-10-24,52.27500190568576,20.951123774546716,"{""type"": ""Polygon"", ""coordinates"": [[[20.950123774546714, 52.274001905685765], [20.952123774546717, 52.274001905685765], [20.952123774546717, 52.27600190568576], [20.950123774546714, 52.27600190568576], [20.950123774546714, 52.274001905685765]]]}"
dzialki.mock_195,SU,37134.7,59708.24,90314.52,30606.28,,POG draft 2025-10-24,52.297791439100514,20.920345603656347,"{""type"": ""Polygon"", ""coordinates"": [[[20.919345603656346, 52.29679143910052], [20.92134560365635, 52.29679143910052], [20.92134560365635, 52.29879143910051], [20.919345603656346, 52.29879143910051], [20.919345603656346, 52.29679143910052]]]}"
dzialki.mock_196,SN,21553.67,11765.87,47093.85,35327.98,,POG draft 2025-10-24,52.17618147852487,20.963920828853595,"{""type"": ""Polygon"", ""coordinates"": [[[20.962920828853594, 52.17518147852487], [20.964920828853597, 52.17518147852487], [20.964920828853597, 52.177181478524865], [20.962920828853594, 52.177181478524865], [20.962920828853594, 52.17518147852487]]]}"
dzialki.mock_197,SN,21431.52,13792.46,31321.96,17529.5,,POG draft 2025-10-24,52.31698625834389,20.887649888393653,"{""type"": ""Polygon"", ""coordinates"": [[[20.886649888393652, 52.31598625834389], [20.888649888393655, 52.31598625834389], [20.888649888393655, 52.317986258343886], [20.886649888393652, 52.317986258343886], [20.886649888393652, 52.31598625834389]]]}"
dzialki.mock_198,SW,11006.54,2822.16,19330.5,16508.34,,POG draft 2025-10-24,52.20788001568996,20.896291122883145,"{""type"": ""Polygon"", ""coordinates"": [[[20.895291122883144, 52.20688001568996], [20.897291122883146, 52.20688001568996], [20.897291122883146, 52.20888001568996], [20.895291122883144, 52.20888001568996], [20.895291122883144, 52.20688001568996]]]}"
dzialki.mock_199,SW,4680.95,6667.48,13090.03,6422.55,,POG draft 2025-10-24,52.28591325893091,20.961485612672693,"{""type"": ""Polygon"", ""coordinates"": [[[20.96048561267269, 52.284913258930914], [20.962485612672694, 52.284913258930914], [20.962485612672694, 52.28691325893091], [20.96048561267269, 52.28691325893091], [20.96048561267269, 52.284913258930914]]]}"
dzialki.mock_200,SW,25920.34,27259.16,40563.54,13304.38,,POG draft 2025-10-24,52.17490366320647,20.868263733066282,"{""type"": ""Polygon"", ""coordinates"": [[[20.86726373306628, 52.173903663206474], [20.869263733066283, 52.173903663206474], [20.869263733066283, 52.17590366320647], [20.86726373306628, 52.17590366320647], [20.86726373306628, 52.173903663206474]]]}"
